<?xml version="1.0"?>
<data grt_format="2.0">
  <value _ptr_="0000000023915110" type="list" content-type="object" content-struct-name="db.mgmt.Connection">
    <value type="object" struct-name="db.mgmt.Connection" id="{6F03A38A-77DA-4A10-B2DA-5103929DC0DB}" struct-checksum="0x96ba47d8">
      <link type="object" struct-name="db.mgmt.Driver" key="driver">com.mysql.rdbms.mysql.driver.native</link>
      <value type="string" key="hostIdentifier">Mysql@localhost:3306</value>
      <value type="int" key="isDefault">0</value>
      <value _ptr_="0000000023673B50" type="dict" key="modules"/>
      <value _ptr_="0000000023673BC0" type="dict" key="parameterValues">
        <value type="string" key="hostName">localhost</value>
        <value type="int" key="port">3306</value>
        <value type="string" key="userName">root</value>
      </value>
      <value type="string" key="name">Local instance MySQL</value>
    </value>
  </value>
</data>
