<?xml version="1.0"?>
<data grt_format="2.0">
  <value _ptr_="0000000023914D20" type="list" content-type="object" content-struct-name="db.mgmt.ServerInstance">
    <value type="object" struct-name="db.mgmt.ServerInstance" id="{27B2BCA3-1EA8-452E-B280-1AABDC7ADBD3}" struct-checksum="0x367436e2">
      <link type="object" struct-name="db.mgmt.Connection" key="connection">{6F03A38A-77DA-4A10-B2DA-5103929DC0DB}</link>
      <value _ptr_="0000000023673D10" type="dict" key="loginInfo">
        <value type="string" key="wmi.hostName"></value>
        <value type="string" key="wmi.userName"></value>
      </value>
      <value _ptr_="0000000023672CE0" type="dict" key="serverInfo">
        <value type="int" key="setupPending">1</value>
        <value type="string" key="sys.config.path">C:\Program Files\MySQL\MySQL Server 5.5\my.ini</value>
        <value type="int" key="sys.config.path.lock">1</value>
        <value type="string" key="sys.config.section">mysqld</value>
        <value type="string" key="sys.mysqld.service_name">MySQL</value>
        <value type="string" key="sys.preset">Custom</value>
        <value type="string" key="sys.system">Windows</value>
        <value type="int" key="windowsAdmin">1</value>
      </value>
      <value type="string" key="name">Local MySQL</value>
      <link type="object" struct-name="GrtObject" key="owner">{F1CC9497-F109-4C85-A534-41E2AC7B2441}</link>
    </value>
  </value>
</data>
